1,ab,3,a,a,a,a,a,a,Car name must be between 3 to 45 characters,Rate can only be a number,Rate can only be a number,Rate can only be a number,Rate can only be a number,Rate can only be a number,Rate can only be a number
2,abcdefghijklmnopqrstuvwxyzabcdefghijklmnopqrst,3,60.99,70.99,80.99,2,3,4,Car name must be between 3 to 45 characters, , , , , , 
3,ab12,3,60.99,70.99,80.99,2,3,4,Car name must only contain letters, , , , , , 
4,abcd,3,60.99,70.99,80.99,2,3,4, , , , , , , 
5,abcdefghijklmnopqrstuvwxyzabcdefghijklmnopqrs,3,60.99,70.99,80.99,2,3,4, , , , , , , 
6,abc,3,60.99,70.99,80.99,2,3,4, , , , , , , 
