1,ab,423456789123456,2018-11-08,12,visa,Name on the card must be between 3 to 45 characters,Visa Card number should be 16 digits long,Credit Card should not be expired,CVV number should be 3 digit long
2,abcdefghijklmnopqrstuvwxyzabcdefghijklmnopqrst,42345678912345600,SASAS2020,12a,visa,Name on the card must be between 3 to 45 characters,Visa Card number should be 16 digits long,Please enter a valid date,CVV number can only contain numbers
3,abc,123456789123456,2022-01-01,123,american, ,American Express card number should start with 37, ,American Express Cards should have a 4 digit CVV number
4,abcdefghijklmnopqrstuvwxyzabcdefghijklmnopqrs,1234567891234560,2022-01-01,12aa,american, ,American Express Card number should be 15 digits long, ,CVV number can only contain numbers
5,Akshat1234,123456789123456,2022-01-01,1234,mastercard,Name on the card can only contain letters,Mastercard Card number should be 16 digits long, ,CVV number should be 3 digit long
6,Akshat*&^&,1234567891234560,2022-01-01,12,mastercard,Name on the card can only contain letters, , ,CVV number should be 3 digit long
7,Akshat,12345678912345600,2022-01-01,12a,mastercard,,Mastercard Card number should be 16 digits long, ,CVV number can only contain numbers
8,Akshat,12345678912345,2022-01-01,12345,american,,American Express Card number should be 15 digits long, ,American Express Cards should have a 4 digit CVV number
9,Akshat,1234567891234560,2022-01-01,1234,visa,,Visa card number should start with a 4, ,CVV number should be 3 digit long
10,Akshat,4234567891234560,2022-01-01,123,visa, ,, , 
11,Akshat,4234567891234560,2022-01-01,123,mastercard, , , , 
12,Akshat,373456789123456,2022-01-01,1234,american, , , , 
