1,ab,abcde,User,100155068,a,a,ab,ab,Arl,Tex,Uni,7601,DL12345,2018-11-08,Uni,Yes,akshat,2022-01-01,682559236,Your username must be between 3 to 45 characters,Your password must be between 8 to 20 characters,UTA ID must be of 10 digits only,Your first name must be between 2 to 45 characters,Your last name must be between 2 to 45 characters,Only 3 to 45 characters allowed,Only 3 to 45 characters allowed,City can only be 4 to 45 characters long,State can only be 4 to 45 characters long,Country can only be 4 to 45 characters long,Zipcode can only be 5 characters long,License can only be 8 to 20 characters long,Driving License should not be expired,Issuing country name can only be 4 to 45 characters long,Your email ID must be between 7 to 45 characters,Date of birth cannot be greater than today's date,Contact Number must be of 10 digits only
2,abcdefghijklmnopqrstuvwxyzabcdefghijklmnopqrst,abcdefghijklmnopqrstu,User,1001550684,abcdefghijklmnopqrstuvwxyzabcdefghijklmnopqrst,abcdefghijklmnopqrstuvwxyzabcdefghijklmnopqrst,abcdefghijklmnopqrstuvwxyzabcdefghijklmnopqrst,abcdefghijklmnopqrstuvwxyzabcdefghijklmnopqrst,abcdefghijklmnopqrstuvwxyzabcdefghijklmnopqrst,abcdefghijklmnopqrstuvwxyzabcdefghijklmnopqrst,abcdefghijklmnopqrstuvwxyzabcdefghijklmnopqrst,76013,DL123456,2022ASAS,abcdefghijklmnopqrstuvwxyzabcdefghijklmnopqrst,Yes,abcdefghijklmnopqrstuvwxyzabcdefghijklmnopqrst,2022ASAS,6825592364,Your username must be between 3 to 45 characters,Your password must be between 8 to 20 characters, ,Your first name must be between 2 to 45 characters,Your last name must be between 2 to 45 characters,Only 3 to 45 characters allowed,Only 3 to 45 characters allowed,City can only be 4 to 45 characters long,State can only be 4 to 45 characters long,Country can only be 4 to 45 characters long, , ,Please enter a valid date,Issuing country name can only be 4 to 45 characters long,Your email ID must be between 7 to 45 characters,Please enter a valid date, 
3,Jaywardhan,Jaywardhan,User,10015506841,1234,1234,1234,1234,1234,1234,1234,760134,DL12,2022-01-03,1234,Yes,akshat@@,1994-01-03,68255923641,This Username is already in the database,Your username and password cannot be the same,UTA ID must be of 10 digits only,First name must only contain letters,Last name must only contain letters,Address must contain letters and numbers both,Address must contain letters and numbers both,City can only contain letters,State can only contain letters,Country can only contain letters,Zipcode can only be 5 characters long,License can only be 8 to 20 characters long, ,Country can only contain letters,Email must contain only a single @ character, ,Contact Number must be of 10 digits only
4,Rachana!$%#,123456789,User,100a55068a,Rachana,Badekar,aaaa,aaaa,'''//--,'''//--,'''//--,abcde,aaaaaaaa,2022-01-03,'''//--,Yes,akshat.vaidya@mavs.uta.edp,1994-01-03,68a559b264,Username can only contain letters and numbers,Password must contain an uppercase letter<br>Password must contain a number<br>Password must contain a special character,UTA ID can only contain numbers, ,  ,Address must contain letters and numbers both,Address must contain letters and numbers both,City can only contain letters,State can only contain letters,Country can only contain letters,Zipcode can only contain numbers,License number must contain letters and numbers both,,Country can only contain letters,<br>Check email extension, ,Contact number can only contain numbers
5,AkshatVaidya,AAAAAAAA,User,1001550684,Akshat,Vaidya,///---,///---,Arlington,Texas,United States,///-&,&&**%%??,2022-01-03,United States,Yes,akshat\\\\@gmail'com,1994-01-03,68/559&264, ,Password must contain an uppercase letter<br>Password must contain a number<br>Password must contain a special character,,,,Address must contain letters and numbers both,Address must contain letters and numbers both, , , ,Zipcode can only contain numbers,License number must contain letters and numbers both, ,,Please enter a valid email address, ,Contact number can only contain numbers
6,AkshatVaidya,AkshatAkshat1!,User,1001550684,Akshat,Vaidya,419 Summit Ave Apt 202,419 Summit Ave Apt 202,Arlington,Texas,United States,76013,12345678,2022-01-03,United States,Yes,akshat.vaidya@mavs.edu,1994-04-26,6825592364, , , , , , , , , , , ,License number must contain letters and numbers both, , , , , 
7,abc,abcdefghi,User,100155068,ab,ab,abc,abc,Arli,Texas,Unit,7601,DL123456,2018-11-08,Unit,Yes,akshatv,2022-01-01,682559236, ,Password must contain an uppercase letter<br>Password must contain a number<br>Password must contain a special character,UTA ID must be of 10 digits only, , ,Address must contain letters and numbers both,Address must contain letters and numbers both, , , ,Zipcode can only be 5 characters long, ,Driving License should not be expired, ,Email must contain only a single @ character,Date of birth cannot be greater than today's date,Contact Number must be of 10 digits only
8,abcdefghijklmnopqrstuvwxyzabcdefghijklmnopqrs,abcdefghijklmnopqrst,User,100155068,abcdefghijklmnopqrstuvwxyzabcdefghijklmnopqrs,abcdefghijklmnopqrstuvwxyzabcdefghijklmnopqrs,abcdefghijklmnopqrstuvwxyzabcdefghijklmnopqrs,,abcdefghijklmnopqrstuvwxyzabcdefghijklmnopqrs,abcdefghijklmnopqrstuvwxyzabcdefghijklmnopqrs,abcdefghijklmnopqrstuvwxyzabcdefghijklmnopqrs,7601,DL123456,2018-11-08,abcdefghijklmnopqrstuvwxyzabcdefghijklmnopqrs,Yes,abcdefghijklmnopqrstuvwxyzabcdefghijklmnopqrs,2022-01-01,682559236, ,Password must contain an uppercase letter<br>Password must contain a number<br>Password must contain a special character,UTA ID must be of 10 digits only, , ,Address must contain letters and numbers both, , , , ,Zipcode can only be 5 characters long, ,Driving License should not be expired, ,Email must contain only a single @ character,Date of birth cannot be greater than today's date,Contact Number must be of 10 digits only
9,abcdefghijklmnopqrstuvwxyzabcdefghijklmnopqrs,abcdefghijklmnopqrst,User,100155068,abcdefghijklmnopqrstuvwxyzabcdefghijklmnopqrs,abcdefghijklmnopqrstuvwxyzabcdefghijklmnopqrs,abcdefghijklmnopqrstuvwxyzabcdefghijklmnopqrs,a,abcdefghijklmnopqrstuvwxyzabcdefghijklmnopqrs,abcdefghijklmnopqrstuvwxyzabcdefghijklmnopqrs,abcdefghijklmnopqrstuvwxyzabcdefghijklmnopqrs,7601,DL123456,2018-11-08,abcdefghijklmnopqrstuvwxyzabcdefghijklmnopqrs,Yes,abcdefghijklmnopqrstuvwxyzabcdefghijklmnopqrs,2022-01-01,682559236, ,Password must contain an uppercase letter<br>Password must contain a number<br>Password must contain a special character,UTA ID must be of 10 digits only, , ,Address must contain letters and numbers both,Only 3 to 45 characters allowed, , , ,Zipcode can only be 5 characters long, ,Driving License should not be expired, ,Email must contain only a single @ character,Date of birth cannot be greater than today's date,Contact Number must be of 10 digits only
